id,name,gender,age,location,income,job_history,collateral_pct,credit_history,score,status,timestamp
0001,Amit C.,Male,65,Urban,477737,4.9,0.33,Clean,53,UNDER REVIEW,2026-04-11T18:12:15.136834
0002,Sunita P.,Female,19,Urban,200529,4.7,0.369,Clean,45,DENIED,2026-04-11T18:12:15.136834
0003,Kavita Y.,Female,46,Urban,191625,1.6,0.558,Clean,45,DENIED,2026-04-11T18:12:15.137832
0004,Rahul C.,Male,66,Urban,514782,3.0,0.41,2-3 Defaults,55,UNDER REVIEW,2026-04-11T18:12:15.137832
0005,Aarti G.,Female,64,Urban,400059,3.8,0.36000000000000004,1 Default,45,DENIED,2026-04-11T18:12:15.137832
0006,Sunil S.,Male,20,Urban,461990,1.7,0.13,Clean,38,DENIED,2026-04-11T18:12:15.137832
0007,Aarti S.,Female,47,Rural,302492,2.1,0.25200000000000006,1 Default,40,DENIED,2026-04-11T18:12:15.137832
0008,Prakash P.,Male,47,Urban,599865,0.0,0.66,Clean,67,UNDER REVIEW,2026-04-11T18:12:15.137832
0009,Aarti G.,Female,32,Urban,657684,0.2,0.27,Clean,53,UNDER REVIEW,2026-04-11T18:12:15.137832
0010,Prakash M.,Male,43,Rural,461607,5.6,0.21,2-3 Defaults,51,UNDER REVIEW,2026-04-11T18:12:15.137832
0011,Pooja V.,Female,55,Rural,312061,4.3,0.47700000000000004,2-3 Defaults,49,DENIED,2026-04-11T18:12:15.137832
0012,Rajesh S.,Male,42,Rural,421861,1.6,0.25,1 Default,39,DENIED,2026-04-11T18:12:15.137832
0013,Sunita S.,Female,25,Rural,378170,4.6,0.531,Clean,65,UNDER REVIEW,2026-04-11T18:12:15.137832
0014,Sunita K.,Female,27,Urban,506526,2.7,0.369,Clean,59,UNDER REVIEW,2026-04-11T18:12:15.137832
0015,Fatima S.,Female,19,Rural,520772,4.7,0.558,1 Default,64,UNDER REVIEW,2026-04-11T18:12:15.137832
0016,Sunita S.,Female,66,Urban,466601,2.5,0.29700000000000004,Clean,48,DENIED,2026-04-11T18:12:15.137832
0017,Sunita K.,Female,31,Rural,648139,2.1,0.234,Clean,61,UNDER REVIEW,2026-04-11T18:12:15.137832
0018,Arun P.,Male,32,Urban,206300,3.9,0.36,Clean,44,DENIED,2026-04-11T18:12:15.137832
0019,Sunil Y.,Male,63,Urban,402006,2.4,0.6,2-3 Defaults,48,DENIED,2026-04-11T18:12:15.137832
0020,Rekha P.,Female,52,Urban,278093,6.7,0.549,Clean,72,APPROVED,2026-04-11T18:12:15.137832
0021,Fatima K.,Female,30,Rural,600244,5.1,0.234,Clean,78,UNDER REVIEW,2026-04-11T18:12:15.137832
0022,Anjali K.,Female,69,Rural,535519,4.5,0.234,1 Default,57,UNDER REVIEW,2026-04-11T18:12:15.137832
0023,Rajesh S.,Male,46,Urban,640379,0.0,0.53,Clean,57,UNDER REVIEW,2026-04-11T18:12:15.137832
0024,Rajesh S.,Male,44,Urban,667736,2.1,0.36,Clean,57,UNDER REVIEW,2026-04-11T18:12:15.137832
0025,Sunita K.,Female,42,Urban,466601,7.0,0.18000000000000002,Clean,58,UNDER REVIEW,2026-04-11T18:12:15.137832
0026,Rajesh G.,Male,36,Urban,558507,3.6,0.4,Clean,71,APPROVED,2026-04-11T18:12:15.137832
0027,Anil S.,Male,55,Urban,150000,4.2,0.3,Clean,43,DENIED,2026-04-11T18:12:15.137832
0028,Arun K.,Male,43,Urban,486699,6.6,0.57,1 Default,61,UNDER REVIEW,2026-04-11T18:12:15.137832
0029,Sanjay S.,Male,60,Rural,246141,2.3,0.44,Clean,45,DENIED,2026-04-11T18:12:15.137832
0030,Fatima S.,Female,38,Rural,360208,7.7,0.18000000000000002,Recent defaults,25,DENIED,2026-04-11T18:12:15.137832
0031,Vijay C.,Male,26,Rural,745286,1.8,0.45,1 Default,56,UNDER REVIEW,2026-04-11T18:12:15.137832
0032,Prakash S.,Male,60,Rural,312679,6.8,0.54,1 Default,62,UNDER REVIEW,2026-04-11T18:12:15.137832
0033,Priya S.,Female,56,Rural,439988,5.3,0.216,Clean,67,UNDER REVIEW,2026-04-11T18:12:15.137832
0034,Sunita V.,Female,20,Rural,121125,6.9,0.324,Clean,57,UNDER REVIEW,2026-04-11T18:12:15.137832
0035,Prakash S.,Male,22,Urban,788438,2.5,0.37,Clean,56,UNDER REVIEW,2026-04-11T18:12:15.137832
0036,Priya G.,Female,20,Urban,543642,2.0,0.5850000000000001,Clean,65,UNDER REVIEW,2026-04-11T18:12:15.137832
0037,Anil P.,Male,60,Urban,777983,5.6,0.46,Clean,80,APPROVED,2026-04-11T18:12:15.137832
0038,Sanjay P.,Male,44,Urban,364091,6.7,0.39,Clean,64,UNDER REVIEW,2026-04-11T18:12:15.137832
0039,Rekha G.,Female,68,Urban,440812,1.6,0.459,1 Default,45,DENIED,2026-04-11T18:12:15.137832
0040,Fatima Y.,Female,32,Urban,554351,4.8,0.324,Clean,66,UNDER REVIEW,2026-04-11T18:12:15.137832
0041,Anjali K.,Female,61,Rural,602547,3.2,0.378,Clean,67,UNDER REVIEW,2026-04-11T18:12:15.137832
0042,Sanjay C.,Male,40,Rural,393642,3.3,0.22,Clean,56,UNDER REVIEW,2026-04-11T18:12:15.137832
0043,Sunil G.,Male,20,Rural,422467,3.4,0.52,Clean,62,UNDER REVIEW,2026-04-11T18:12:15.137832
0044,Fatima Y.,Female,60,Urban,387892,6.0,0.225,Clean,65,UNDER REVIEW,2026-04-11T18:12:15.137832
0045,Aarti C.,Female,38,Rural,293173,4.5,0.41400000000000003,Clean,65,UNDER REVIEW,2026-04-11T18:12:15.137832
0046,Kavita K.,Female,53,Rural,524733,4.4,0.216,1 Default,57,UNDER REVIEW,2026-04-11T18:12:15.137832
0047,Aarti G.,Female,61,Rural,445091,5.7,0.513,1 Default,64,UNDER REVIEW,2026-04-11T18:12:15.137832
0048,Rajesh P.,Male,61,Urban,292528,2.2,0.6,2-3 Defaults,48,DENIED,2026-04-11T18:12:15.137832
0049,Neha S.,Female,47,Urban,257829,4.9,0.387,Clean,55,UNDER REVIEW,2026-04-11T18:12:15.137832
0050,Prakash K.,Male,67,Urban,790162,2.4,0.39,Clean,56,UNDER REVIEW,2026-04-11T18:12:15.137832
0051,Manoj C.,Male,25,Urban,153756,4.5,0.13,Clean,36,DENIED,2026-04-11T18:12:15.137832
0052,Sunita K.,Female,28,Rural,121125,3.4,0.162,1 Default,30,DENIED,2026-04-11T18:12:15.137832
0053,Sunil V.,Male,46,Rural,548257,4.3,0.33,Clean,65,UNDER REVIEW,2026-04-11T18:12:15.137832
0054,Rajesh P.,Male,22,Urban,673921,2.0,0.42,Clean,63,UNDER REVIEW,2026-04-11T18:12:15.137832
0055,Geeta V.,Female,67,Rural,188642,1.9,0.459,Clean,47,DENIED,2026-04-11T18:12:15.137832
0056,Sanjay S.,Male,32,Rural,198140,3.2,0.52,Clean,53,UNDER REVIEW,2026-04-11T18:12:15.137832
0057,Geeta S.,Female,57,Urban,150000,2.6,0.14400000000000002,2-3 Defaults,15,DENIED,2026-04-11T18:12:15.137832
0058,Kavita V.,Female,21,Urban,338991,3.4,0.432,Clean,62,UNDER REVIEW,2026-04-11T18:12:15.137832
0059,Priya K.,Female,34,Rural,496342,1.6,0.315,Clean,51,DENIED,2026-04-11T18:12:15.137832
0060,Amit C.,Male,19,Urban,434585,2.4,0.27,Clean,46,DENIED,2026-04-11T18:12:15.138834
0061,Anil Y.,Male,62,Rural,418603,5.4,0.05,Clean,57,UNDER REVIEW,2026-04-11T18:12:15.138834
0062,Sunil S.,Male,37,Urban,182000,0.0,0.2,Clean,31,DENIED,2026-04-11T18:12:15.138834
0063,Rajesh G.,Male,62,Urban,554874,0.0,0.29,Clean,50,UNDER REVIEW,2026-04-11T18:12:15.138834
0064,Kavita K.,Female,22,Rural,355355,1.7,0.30600000000000005,Clean,50,UNDER REVIEW,2026-04-11T18:12:15.138834
0065,Sanjay C.,Male,29,Rural,380167,0.0,0.32,Clean,43,DENIED,2026-04-11T18:12:15.138834
0066,Aarti V.,Female,33,Rural,694911,3.9,0.261,Clean,68,UNDER REVIEW,2026-04-11T18:12:15.138834
0067,Aarti Y.,Female,49,Urban,575091,2.5,0.369,Clean,58,UNDER REVIEW,2026-04-11T18:12:15.138834
0068,Sunil K.,Male,23,Urban,847539,3.6,0.5,Clean,70,APPROVED,2026-04-11T18:12:15.138834
0069,Kavita V.,Female,68,Rural,537785,3.7,0.234,Clean,67,UNDER REVIEW,2026-04-11T18:12:15.138834
0070,Sunita S.,Female,62,Rural,471909,1.9,0.35100000000000003,1 Default,40,DENIED,2026-04-11T18:12:15.138834
0071,Amit P.,Male,65,Urban,180399,3.8,0.53,1 Default,40,DENIED,2026-04-11T18:12:15.138834
0072,Anjali K.,Female,41,Urban,464278,3.6,0.333,Clean,56,UNDER REVIEW,2026-04-11T18:12:15.138834
0073,Manoj K.,Male,62,Rural,652504,2.5,0.35,Recent defaults,23,DENIED,2026-04-11T18:12:15.138834
0074,Fatima V.,Female,21,Urban,406960,3.4,0.5850000000000001,2-3 Defaults,47,DENIED,2026-04-11T18:12:15.138834
0075,Neha S.,Female,54,Urban,454383,3.0,0.41400000000000003,Clean,62,UNDER REVIEW,2026-04-11T18:12:15.138834
0076,Aarti V.,Female,67,Urban,707384,1.3,0.29700000000000004,Clean,58,UNDER REVIEW,2026-04-11T18:12:15.138834
0077,Fatima S.,Female,57,Urban,588580,3.3,0.333,1 Default,55,UNDER REVIEW,2026-04-11T18:12:15.138834
0078,Arun K.,Male,53,Urban,220583,3.6,0.35,Clean,43,DENIED,2026-04-11T18:12:15.138834
0079,Anjali C.,Female,32,Urban,461336,5.1,0.35100000000000003,1 Default,56,UNDER REVIEW,2026-04-11T18:12:15.138834
0080,Amit K.,Male,25,Rural,374560,0.7,0.29,Clean,43,DENIED,2026-04-11T18:12:15.138834
0081,Vijay M.,Male,56,Rural,423555,0.9,0.33,Clean,42,DENIED,2026-04-11T18:12:15.138834
0082,Neha C.,Female,23,Rural,484542,0.1,0.15300000000000002,Clean,36,DENIED,2026-04-11T18:12:15.138834
0083,Arun V.,Male,54,Rural,701572,4.3,0.14,Clean,57,UNDER REVIEW,2026-04-11T18:12:15.138834
0084,Pooja G.,Female,48,Urban,553517,2.5,0.41400000000000003,Clean,65,UNDER REVIEW,2026-04-11T18:12:15.139428
0085,Geeta M.,Female,36,Rural,318468,1.8,0.315,2-3 Defaults,36,DENIED,2026-04-11T18:12:15.139428
0086,Manoj K.,Male,44,Rural,378615,5.8,0.41,Clean,73,APPROVED,2026-04-11T18:12:15.139428
0087,Sunil S.,Male,53,Rural,520272,4.7,0.48,Recent defaults,37,DENIED,2026-04-11T18:12:15.139428
0088,Fatima K.,Female,53,Urban,343238,2.3,0.369,Clean,48,DENIED,2026-04-11T18:12:15.139428
0089,Manoj P.,Male,49,Urban,651505,2.8,0.31,Clean,56,UNDER REVIEW,2026-04-11T18:12:15.139428
0090,Pooja S.,Female,42,Urban,300816,4.5,0.48600000000000004,Clean,63,UNDER REVIEW,2026-04-11T18:12:15.139428
0091,Rekha S.,Female,39,Rural,579852,2.5,0.36000000000000004,1 Default,51,UNDER REVIEW,2026-04-11T18:12:15.139428
0092,Neha C.,Female,40,Rural,284787,1.8,0.513,Clean,58,UNDER REVIEW,2026-04-11T18:12:15.139428
0093,Pooja K.,Female,67,Urban,351754,4.4,0.018000000000000002,Clean,47,DENIED,2026-04-11T18:12:15.139428
0094,Manoj S.,Male,50,Urban,574762,5.3,0.32,2-3 Defaults,58,UNDER REVIEW,2026-04-11T18:12:15.139428
0095,Anjali G.,Female,64,Urban,749746,6.7,0.369,Clean,75,APPROVED,2026-04-11T18:12:15.139428
0096,Kavita K.,Female,39,Urban,485198,5.9,0.099,Clean,58,UNDER REVIEW,2026-04-11T18:12:15.139428
0097,Amit S.,Male,33,Urban,193983,0.2,0.6,Clean,48,DENIED,2026-04-11T18:12:15.139428
0098,Priya Y.,Female,62,Urban,494639,3.4,0.342,Clean,55,UNDER REVIEW,2026-04-11T18:12:15.139428
0099,Aarti P.,Female,45,Rural,525023,5.5,0.099,1 Default,60,UNDER REVIEW,2026-04-11T18:12:15.139428
0100,Priya K.,Female,32,Urban,357233,2.0,0.342,1 Default,39,DENIED,2026-04-11T18:12:15.139428
0101,Anjali K.,Female,22,Urban,328036,4.2,0.15300000000000002,Clean,47,DENIED,2026-04-11T18:12:15.139428
0102,Kavita C.,Female,42,Urban,350729,4.1,0.261,Clean,56,UNDER REVIEW,2026-04-11T18:12:15.139428
0103,Aarti K.,Female,19,Rural,638134,3.1,0.28800000000000003,Clean,67,DENIED,2026-04-11T18:12:15.139428
0104,Anjali S.,Female,56,Urban,755336,4.0,0.225,1 Default,55,UNDER REVIEW,2026-04-11T18:12:15.139428
0105,Rahul V.,Male,37,Urban,512516,3.0,0.3,Clean,64,UNDER REVIEW,2026-04-11T18:12:15.139428
0106,Prakash Y.,Male,26,Urban,579696,4.4,0.05,Clean,56,UNDER REVIEW,2026-04-11T18:12:15.139428
0107,Amit S.,Male,70,Rural,842729,1.7,0.27,Clean,58,UNDER REVIEW,2026-04-11T18:12:15.139428
0108,Amit K.,Male,69,Rural,754928,2.7,0.33,Clean,58,UNDER REVIEW,2026-04-11T18:12:15.139428
0109,Kavita C.,Female,55,Rural,234783,5.4,0.171,Clean,49,DENIED,2026-04-11T18:12:15.139428
0110,Sanjay S.,Male,58,Urban,716628,5.5,0.06,Clean,65,UNDER REVIEW,2026-04-11T18:12:15.139428
0111,Manoj G.,Male,20,Urban,421956,5.7,0.61,2-3 Defaults,65,UNDER REVIEW,2026-04-11T18:12:15.139428
0112,Anjali K.,Female,44,Urban,739614,1.4,0.108,Clean,51,UNDER REVIEW,2026-04-11T18:12:15.139428
0113,Kavita K.,Female,46,Urban,361985,4.0,0.07200000000000001,Clean,47,DENIED,2026-04-11T18:12:15.139428
0114,Aarti K.,Female,30,Rural,748989,8.3,0.25200000000000006,Clean,78,UNDER REVIEW,2026-04-11T18:12:15.139428
0115,Sunil G.,Male,33,Rural,723227,3.3,0.43,Clean,73,APPROVED,2026-04-11T18:12:15.139428
0116,Vijay S.,Male,35,Urban,861582,4.2,0.28,2-3 Defaults,49,DENIED,2026-04-11T18:12:15.139428
0117,Rajesh S.,Male,26,Urban,851796,3.8,0.36,1 Default,54,UNDER REVIEW,2026-04-11T18:12:15.139428
0118,Aarti S.,Female,65,Urban,676404,5.5,0.369,Clean,75,APPROVED,2026-04-11T18:12:15.139428
0119,Priya K.,Female,57,Urban,836830,4.4,0.423,Clean,72,APPROVED,2026-04-11T18:12:15.139428
0120,Aarti S.,Female,45,Rural,258298,2.6,0.171,Clean,43,DENIED,2026-04-11T18:12:15.139428
0121,Vijay K.,Male,35,Urban,311542,1.6,0.32,Clean,47,DENIED,2026-04-11T18:12:15.139428
0122,Sunita P.,Female,68,Urban,309656,2.3,0.06300000000000001,Clean,40,DENIED,2026-04-11T18:12:15.139428
0123,Pooja K.,Female,32,Rural,144331,5.4,0.135,Clean,50,UNDER REVIEW,2026-04-11T18:12:15.139428
0124,Anil M.,Male,23,Urban,692212,4.3,0.39,Clean,63,UNDER REVIEW,2026-04-11T18:12:15.139428
0125,Vijay C.,Male,60,Rural,539231,4.8,0.22,Clean,65,UNDER REVIEW,2026-04-11T18:12:15.139428
0126,Sunita G.,Female,24,Rural,171896,2.3,0.27,Clean,40,DENIED,2026-04-11T18:12:15.139428
0127,Prakash K.,Male,54,Rural,451863,5.6,0.11,Clean,57,UNDER REVIEW,2026-04-11T18:12:15.140500
0128,Kavita K.,Female,29,Urban,372326,3.0,0.54,Clean,63,UNDER REVIEW,2026-04-11T18:12:15.140500
0129,Prakash P.,Male,54,Urban,458234,2.9,0.33,2-3 Defaults,31,DENIED,2026-04-11T18:12:15.140500
0130,Fatima K.,Female,47,Rural,121125,2.5,0.423,Clean,47,DENIED,2026-04-11T18:12:15.140500
0131,Manoj V.,Male,66,Urban,278958,1.5,0.32,Clean,46,DENIED,2026-04-11T18:12:15.140500
0132,Aarti K.,Female,66,Urban,791718,1.7,0.30600000000000005,2-3 Defaults,43,DENIED,2026-04-11T18:12:15.140500
0133,Pooja Y.,Female,32,Urban,285992,5.2,0.432,1 Default,63,UNDER REVIEW,2026-04-11T18:12:15.140500
0134,Sunita M.,Female,25,Rural,410354,6.8,0.324,1 Default,58,UNDER REVIEW,2026-04-11T18:12:15.140500
0135,Aarti V.,Female,43,Urban,537983,3.1,0.621,Clean,83,APPROVED,2026-04-11T18:12:15.140500
0136,Kavita S.,Female,36,Rural,446518,3.8,0.333,Clean,58,UNDER REVIEW,2026-04-11T18:12:15.140500
0137,Neha G.,Female,33,Urban,313997,4.3,0.558,Clean,63,UNDER REVIEW,2026-04-11T18:12:15.140500
0138,Rahul G.,Male,50,Urban,691803,1.9,0.21,1 Default,46,DENIED,2026-04-11T18:12:15.140500
0139,Anil K.,Male,24,Urban,580309,4.6,0.15,Clean,55,UNDER REVIEW,2026-04-11T18:12:15.140500
0140,Kavita S.,Female,61,Rural,240015,5.8,0.234,Clean,57,UNDER REVIEW,2026-04-11T18:12:15.140500
0141,Anjali K.,Female,48,Urban,341203,4.1,0.30600000000000005,Clean,55,UNDER REVIEW,2026-04-11T18:12:15.140500
0142,Fatima C.,Female,21,Urban,567191,2.4,0.396,Clean,58,UNDER REVIEW,2026-04-11T18:12:15.140500
0143,Rekha M.,Female,55,Rural,134133,2.3,0.432,Clean,47,DENIED,2026-04-11T18:12:15.140500
0144,Amit M.,Male,46,Urban,366969,6.9,0.54,Clean,70,APPROVED,2026-04-11T18:12:15.140500
0145,Vijay V.,Male,33,Urban,338494,0.0,0.15,Clean,33,DENIED,2026-04-11T18:12:15.140500
0146,Geeta Y.,Female,61,Rural,370370,0.6,0.18000000000000002,Clean,36,DENIED,2026-04-11T18:12:15.140500
0147,Geeta S.,Female,39,Urban,757356,4.9,0.41400000000000003,Clean,73,APPROVED,2026-04-11T18:12:15.140500
0148,Prakash S.,Male,53,Rural,351806,1.0,0.54,Clean,55,UNDER REVIEW,2026-04-11T18:12:15.140500
0149,Fatima Y.,Female,19,Rural,337571,4.5,0.387,Clean,57,UNDER REVIEW,2026-04-11T18:12:15.140500
0150,Sanjay S.,Male,60,Urban,973567,1.7,0.57,2-3 Defaults,48,DENIED,2026-04-11T18:12:15.140500
0151,Sunil K.,Male,62,Urban,548104,0.0,0.43,Clean,57,UNDER REVIEW,2026-04-11T18:12:15.140500
0152,Kavita C.,Female,32,Rural,553207,1.8,0.28800000000000003,Clean,61,UNDER REVIEW,2026-04-11T18:12:15.140500
0153,Anjali K.,Female,67,Rural,372336,5.4,0.0,Clean,59,UNDER REVIEW,2026-04-11T18:12:15.140500
0154,Pooja Y.,Female,53,Rural,331562,6.4,0.234,Clean,67,DENIED,2026-04-11T18:12:15.140500
0155,Geeta K.,Female,45,Urban,868454,5.9,0.432,Clean,83,APPROVED,2026-04-11T18:12:15.140500
0156,Kavita S.,Female,33,Rural,121125,2.9,0.35100000000000003,1 Default,31,DENIED,2026-04-11T18:12:15.140500
0157,Arun K.,Male,36,Urban,696402,2.4,0.47,Clean,64,UNDER REVIEW,2026-04-11T18:12:15.140500
0158,Arun M.,Male,34,Urban,205546,3.7,0.43,Clean,51,UNDER REVIEW,2026-04-11T18:12:15.140500
0159,Rekha S.,Female,67,Urban,459854,5.1,0.45,Clean,72,APPROVED,2026-04-11T18:12:15.140500
0160,Vijay V.,Male,56,Rural,477426,0.7,0.3,Clean,42,DENIED,2026-04-11T18:12:15.140500
0161,Prakash M.,Male,33,Rural,326125,2.9,0.26,Clean,49,DENIED,2026-04-11T18:12:15.140500
0162,Rahul S.,Male,48,Rural,244744,5.4,0.39,Clean,55,UNDER REVIEW,2026-04-11T18:12:15.140500
0163,Kavita M.,Female,64,Urban,448434,2.7,0.117,2-3 Defaults,25,DENIED,2026-04-11T18:12:15.140500
0164,Pooja S.,Female,67,Urban,334494,1.3,0.0,Clean,40,DENIED,2026-04-11T18:12:15.140500
0165,Prakash K.,Male,20,Rural,411283,4.1,0.36,Clean,55,UNDER REVIEW,2026-04-11T18:12:15.140500
0166,Priya G.,Female,66,Urban,555597,2.5,0.225,Clean,58,UNDER REVIEW,2026-04-11T18:12:15.140500
0167,Pooja K.,Female,69,Urban,216476,6.6,0.30600000000000005,Clean,55,UNDER REVIEW,2026-04-11T18:12:15.140500
0168,Pooja M.,Female,69,Rural,121125,0.0,0.28800000000000003,Clean,34,DENIED,2026-04-11T18:12:15.140500
0169,Priya G.,Female,24,Rural,611843,4.9,0.25200000000000006,Clean,67,UNDER REVIEW,2026-04-11T18:12:15.140500
0170,Pooja K.,Female,58,Rural,609481,8.3,0.27,2-3 Defaults,62,UNDER REVIEW,2026-04-11T18:12:15.140500
0171,Anil K.,Male,20,Rural,512516,4.5,0.26,Clean,65,UNDER REVIEW,2026-04-11T18:12:15.140500
0172,Neha S.,Female,46,Rural,282639,3.7,0.135,Clean,49,DENIED,2026-04-11T18:12:15.140500
0173,Sunil C.,Male,49,Urban,150000,3.0,0.54,Clean,50,UNDER REVIEW,2026-04-11T18:12:15.140500
0174,Fatima G.,Female,30,Rural,591813,6.3,0.49500000000000005,Clean,85,APPROVED,2026-04-11T18:12:15.140500
0175,Pooja G.,Female,53,Urban,150000,2.4,0.441,Clean,45,DENIED,2026-04-11T18:12:15.140500
0176,Rahul M.,Male,30,Urban,246364,3.9,0.24,Clean,44,DENIED,2026-04-11T18:12:15.140500
0177,Geeta V.,Female,69,Rural,488417,3.4,0.35100000000000003,Clean,57,UNDER REVIEW,2026-04-11T18:12:15.140500
0178,Rahul S.,Male,38,Urban,450959,2.1,0.22,Clean,47,DENIED,2026-04-11T18:12:15.140500
0179,Anil G.,Male,45,Urban,150000,3.4,0.44,Clean,51,UNDER REVIEW,2026-04-11T18:12:15.140500
0180,Prakash Y.,Male,51,Rural,245865,6.6,0.17,1 Default,37,DENIED,2026-04-11T18:12:15.140500
0181,Arun G.,Male,57,Rural,228525,3.0,0.52,1 Default,42,DENIED,2026-04-11T18:12:15.140500
0182,Sunil C.,Male,23,Urban,915753,6.2,0.41,Clean,80,APPROVED,2026-04-11T18:12:15.140500
0183,Geeta Y.,Female,49,Urban,692535,1.9,0.24300000000000002,1 Default,48,DENIED,2026-04-11T18:12:15.140500
0184,Neha G.,Female,62,Urban,368013,5.5,0.369,Clean,65,UNDER REVIEW,2026-04-11T18:12:15.140500
0185,Amit G.,Male,63,Rural,211642,8.9,0.26,Clean,55,UNDER REVIEW,2026-04-11T18:12:15.140500
0186,Sanjay C.,Male,25,Rural,566595,3.3,0.46,2-3 Defaults,58,UNDER REVIEW,2026-04-11T18:12:15.140500
0187,Sunita K.,Female,28,Urban,680969,0.0,0.29700000000000004,1 Default,43,DENIED,2026-04-11T18:12:15.141586
0188,Kavita K.,Female,49,Rural,300677,8.3,0.36000000000000004,Clean,67,UNDER REVIEW,2026-04-11T18:12:15.141586
0189,Anil Y.,Male,49,Rural,157446,1.3,0.29,Recent defaults,3,DENIED,2026-04-11T18:12:15.141586
0190,Geeta M.,Female,41,Rural,286649,4.1,0.324,Clean,58,UNDER REVIEW,2026-04-11T18:12:15.141586
0191,Kavita S.,Female,70,Rural,647110,3.3,0.5850000000000001,Clean,74,APPROVED,2026-04-11T18:12:15.141586
0192,Prakash K.,Male,50,Rural,738710,4.0,0.36,Clean,65,UNDER REVIEW,2026-04-11T18:12:15.141586
0193,Arun G.,Male,38,Urban,659123,2.8,0.19,Clean,49,DENIED,2026-04-11T18:12:15.141586
0194,Priya C.,Female,48,Rural,543053,4.3,0.198,Clean,59,UNDER REVIEW,2026-04-11T18:12:15.141586
0195,Aarti V.,Female,59,Rural,461109,0.1,0.12600000000000003,Clean,36,DENIED,2026-04-11T18:12:15.141586
0196,Manoj G.,Male,20,Urban,350142,0.7,0.25,1 Default,30,DENIED,2026-04-11T18:12:15.141586
0197,Priya S.,Female,44,Urban,424923,1.6,0.36000000000000004,Clean,49,DENIED,2026-04-11T18:12:15.141586
0198,Prakash G.,Male,60,Rural,127500,1.6,0.37,Clean,38,DENIED,2026-04-11T18:12:15.141586
0199,Neha K.,Female,57,Rural,121125,4.0,0.29700000000000004,Clean,47,DENIED,2026-04-11T18:12:15.141586
0200,Sunita V.,Female,40,Rural,537490,0.0,0.198,Clean,47,DENIED,2026-04-11T18:12:15.141586
0201,Rekha P.,Female,67,Rural,448765,1.9,0.261,Clean,50,UNDER REVIEW,2026-04-11T18:12:15.141586
0202,Sunil K.,Male,53,Rural,686551,3.1,0.27,Clean,65,UNDER REVIEW,2026-04-11T18:12:15.141586
0203,Prakash S.,Male,21,Urban,644756,4.6,0.13,2-3 Defaults,40,DENIED,2026-04-11T18:12:15.141586
0204,Fatima C.,Female,48,Rural,445880,1.5,0.135,1 Default,32,DENIED,2026-04-11T18:12:15.141586
0205,Manoj S.,Male,29,Urban,168303,5.4,0.39,Clean,54,UNDER REVIEW,2026-04-11T18:12:15.141586
0206,Kavita Y.,Female,18,Urban,478050,2.7,0.48600000000000004,Clean,55,UNDER REVIEW,2026-04-11T18:12:15.141586
0207,Pooja K.,Female,26,Rural,511378,1.7,0.342,1 Default,51,UNDER REVIEW,2026-04-11T18:12:15.141586
0208,Geeta M.,Female,54,Rural,477665,2.9,0.234,Clean,50,UNDER REVIEW,2026-04-11T18:12:15.141586
0209,Anjali V.,Female,43,Urban,437888,2.4,0.387,1 Default,39,DENIED,2026-04-11T18:12:15.141586
0210,Vijay G.,Male,66,Rural,541197,3.3,0.48,Clean,72,APPROVED,2026-04-11T18:12:15.141586
0211,Vijay S.,Male,60,Urban,626112,4.7,0.2,Clean,63,UNDER REVIEW,2026-04-11T18:12:15.141586
0212,Kavita V.,Female,57,Rural,510606,4.4,0.648,Clean,84,APPROVED,2026-04-11T18:12:15.141586
0213,Kavita S.,Female,66,Urban,505340,6.9,0.35100000000000003,Clean,75,APPROVED,2026-04-11T18:12:15.141586
0214,Anil G.,Male,53,Urban,440867,4.6,0.29,Clean,53,UNDER REVIEW,2026-04-11T18:12:15.141586
0215,Rekha S.,Female,61,Urban,573174,6.0,0.45,Clean,82,APPROVED,2026-04-11T18:12:15.141586
0216,Priya P.,Female,54,Rural,508130,5.6,0.369,Clean,77,APPROVED,2026-04-11T18:12:15.141586
0217,Manoj K.,Male,45,Urban,459371,4.1,0.7,2-3 Defaults,56,UNDER REVIEW,2026-04-11T18:12:15.141586
0218,Geeta K.,Female,29,Rural,389828,3.9,0.09000000000000001,Clean,50,UNDER REVIEW,2026-04-11T18:12:15.141586
0219,Sunita S.,Female,23,Rural,306204,0.8,0.12600000000000003,Clean,36,DENIED,2026-04-11T18:12:15.141586
0220,Prakash V.,Male,66,Urban,428822,5.2,0.37,Clean,63,UNDER REVIEW,2026-04-11T18:12:15.141586
0221,Priya V.,Female,33,Urban,387411,3.8,0.423,Clean,63,UNDER REVIEW,2026-04-11T18:12:15.142163
0222,Rajesh P.,Male,31,Urban,877926,5.9,0.43,Clean,81,APPROVED,2026-04-11T18:12:15.142163
0223,Arun G.,Male,46,Rural,436690,4.9,0.38,Clean,55,UNDER REVIEW,2026-04-11T18:12:15.142163
0224,Geeta Y.,Female,37,Urban,448502,7.7,0.036000000000000004,Clean,58,UNDER REVIEW,2026-04-11T18:12:15.142163
0225,Rekha K.,Female,53,Urban,890274,2.2,0.47700000000000004,Clean,65,UNDER REVIEW,2026-04-11T18:12:15.142163
0226,Sunita K.,Female,68,Rural,284286,0.4,0.279,Clean,44,DENIED,2026-04-11T18:12:15.142163
0227,Sanjay M.,Male,37,Urban,569848,2.6,0.3,Clean,57,UNDER REVIEW,2026-04-11T18:12:15.142163
0228,Rahul S.,Male,33,Rural,438485,3.4,0.48,2-3 Defaults,48,DENIED,2026-04-11T18:12:15.142163
0229,Arun M.,Male,35,Urban,304645,5.4,0.41,Clean,71,APPROVED,2026-04-11T18:12:15.142163
0230,Sunil S.,Male,31,Rural,441254,4.7,0.25,Clean,56,UNDER REVIEW,2026-04-11T18:12:15.142163
0231,Geeta K.,Female,62,Urban,392787,2.7,0.459,Clean,55,UNDER REVIEW,2026-04-11T18:12:15.142163
0232,Kavita P.,Female,34,Rural,299698,0.9,0.531,Clean,52,UNDER REVIEW,2026-04-11T18:12:15.142163
0233,Anjali S.,Female,44,Rural,713185,4.6,0.315,Clean,68,UNDER REVIEW,2026-04-11T18:12:15.142163
0234,Rahul Y.,Male,32,Rural,394302,0.7,0.54,Clean,50,UNDER REVIEW,2026-04-11T18:12:15.142163
0235,Priya M.,Female,47,Rural,545046,6.6,0.423,Clean,84,APPROVED,2026-04-11T18:12:15.142163
0236,Sunil S.,Male,70,Urban,779057,1.8,0.13,Clean,48,DENIED,2026-04-11T18:12:15.142163
0237,Manoj K.,Male,31,Urban,306811,3.4,0.19,Clean,46,DENIED,2026-04-11T18:12:15.142163
0238,Vijay M.,Male,52,Urban,299993,3.2,0.34,Clean,53,UNDER REVIEW,2026-04-11T18:12:15.142163
0239,Fatima M.,Female,50,Urban,615740,0.7,0.41400000000000003,2-3 Defaults,44,DENIED,2026-04-11T18:12:15.142163
0240,Sanjay S.,Male,30,Urban,150000,2.4,0.27,Clean,37,DENIED,2026-04-11T18:12:15.142163
0241,Priya S.,Female,47,Rural,121125,1.1,0.342,Clean,40,DENIED,2026-04-11T18:12:15.142163
0242,Geeta G.,Female,42,Rural,646090,2.9,0.29700000000000004,Recent defaults,26,DENIED,2026-04-11T18:12:15.142163
0243,Amit Y.,Male,32,Urban,596641,7.4,0.48,Recent defaults,46,DENIED,2026-04-11T18:12:15.142163
0244,Sanjay S.,Male,38,Urban,352497,4.9,0.36,2-3 Defaults,39,DENIED,2026-04-11T18:12:15.142163
0245,Pooja S.,Female,54,Urban,522702,7.3,0.09000000000000001,Clean,67,UNDER REVIEW,2026-04-11T18:12:15.142163
0246,Aarti C.,Female,24,Urban,773277,0.0,0.41400000000000003,Clean,59,UNDER REVIEW,2026-04-11T18:12:15.142163
0247,Aarti V.,Female,19,Rural,215734,0.9,0.225,Clean,34,DENIED,2026-04-11T18:12:15.142163
0248,Anil V.,Male,69,Rural,462403,3.5,0.41,1 Default,52,UNDER REVIEW,2026-04-11T18:12:15.142163
0249,Sunita M.,Female,24,Rural,728108,6.1,0.099,2-3 Defaults,54,UNDER REVIEW,2026-04-11T18:12:15.142163
0250,Kavita V.,Female,19,Urban,615210,5.6,0.405,Clean,82,APPROVED,2026-04-11T18:12:15.142163
0251,Anil V.,Male,44,Rural,370527,4.0,0.61,Clean,73,APPROVED,2026-04-11T18:12:15.142163
0252,Sanjay Y.,Male,35,Urban,247327,2.8,0.52,2-3 Defaults,29,DENIED,2026-04-11T18:12:15.142163
0253,Pooja Y.,Female,48,Rural,434909,1.6,0.522,Clean,57,UNDER REVIEW,2026-04-11T18:12:15.142163
0254,Sanjay C.,Male,39,Rural,331753,4.6,0.23,Clean,56,UNDER REVIEW,2026-04-11T18:12:15.142163
0255,Manoj C.,Male,38,Rural,216118,1.6,0.26,Clean,39,DENIED,2026-04-11T18:12:15.142163
0256,Sunil C.,Male,42,Rural,438982,2.8,0.61,Clean,66,UNDER REVIEW,2026-04-11T18:12:15.142163
0257,Sanjay K.,Male,64,Urban,195108,4.2,0.23,Clean,43,DENIED,2026-04-11T18:12:15.142163
0258,Manoj C.,Male,33,Rural,478207,3.5,0.44,Clean,63,UNDER REVIEW,2026-04-11T18:12:15.142163
0259,Sunita C.,Female,52,Rural,121125,3.3,0.25200000000000006,Clean,47,DENIED,2026-04-11T18:12:15.142163
0260,Arun K.,Male,67,Urban,266098,3.5,0.57,1 Default,50,UNDER REVIEW,2026-04-11T18:12:15.142163
0261,Rekha G.,Female,68,Rural,382441,3.6,0.30600000000000005,Clean,57,UNDER REVIEW,2026-04-11T18:12:15.142163
0262,Anjali V.,Female,67,Rural,596549,2.2,0.12600000000000003,1 Default,42,DENIED,2026-04-11T18:12:15.142163
0263,Manoj S.,Male,64,Urban,608821,4.8,0.25,Clean,63,UNDER REVIEW,2026-04-11T18:12:15.142163
0264,Fatima S.,Female,38,Rural,434205,4.1,0.333,Clean,58,UNDER REVIEW,2026-04-11T18:12:15.142163
0265,Anil S.,Male,53,Urban,637107,5.7,0.46,Clean,80,APPROVED,2026-04-11T18:12:15.142163
0266,Neha P.,Female,19,Rural,373482,3.2,0.036000000000000004,Clean,49,DENIED,2026-04-11T18:12:15.142163
0267,Anjali K.,Female,54,Urban,825427,5.9,0.36000000000000004,Clean,75,APPROVED,2026-04-11T18:12:15.142163
0268,Anjali C.,Female,57,Rural,536097,2.7,0.36000000000000004,Clean,60,UNDER REVIEW,2026-04-11T18:12:15.142163
0269,Sanjay C.,Male,38,Urban,626021,4.7,0.44,Clean,71,APPROVED,2026-04-11T18:12:15.142163
0270,Anil M.,Male,45,Rural,663623,4.6,0.55,Clean,73,APPROVED,2026-04-11T18:12:15.142163
0271,Anil P.,Male,36,Rural,518972,4.8,0.3,Clean,66,UNDER REVIEW,2026-04-11T18:12:15.142163
0272,Priya P.,Female,44,Rural,419996,2.7,0.189,Clean,43,DENIED,2026-04-11T18:12:15.142163
0273,Rekha M.,Female,35,Urban,525984,5.1,0.35100000000000003,Clean,76,APPROVED,2026-04-11T18:12:15.142163
0274,Rajesh K.,Male,35,Urban,246515,4.1,0.07,Clean,36,DENIED,2026-04-11T18:12:15.142163
0275,Amit K.,Male,24,Rural,403233,0.6,0.35,Recent defaults,7,DENIED,2026-04-11T18:12:15.142163
0276,Arun V.,Male,31,Urban,907669,4.5,0.16,Clean,56,UNDER REVIEW,2026-04-11T18:12:15.142163
0277,Prakash S.,Male,68,Urban,536664,4.8,0.48,1 Default,60,UNDER REVIEW,2026-04-11T18:12:15.142163
0278,Pooja V.,Female,36,Rural,458451,0.0,0.171,Clean,37,DENIED,2026-04-11T18:12:15.142163
0279,Sanjay K.,Male,59,Rural,663170,6.4,0.35,Clean,75,APPROVED,2026-04-11T18:12:15.142163
0280,Amit V.,Male,58,Rural,693007,1.6,0.43,Clean,65,UNDER REVIEW,2026-04-11T18:12:15.142163
0281,Kavita S.,Female,47,Rural,540588,3.0,0.549,Clean,74,APPROVED,2026-04-11T18:12:15.142163
0282,Anjali G.,Female,45,Urban,505361,4.6,0.171,Clean,58,UNDER REVIEW,2026-04-11T18:12:15.142163
0283,Amit S.,Male,68,Rural,281938,6.0,0.42,Clean,72,APPROVED,2026-04-11T18:12:15.142163
0284,Anjali S.,Female,18,Rural,425903,5.6,0.30600000000000005,Clean,67,UNDER REVIEW,2026-04-11T18:12:15.142163
0285,Anjali P.,Female,59,Urban,446949,4.1,0.216,2-3 Defaults,40,DENIED,2026-04-11T18:12:15.142163
0286,Aarti P.,Female,63,Urban,251379,4.6,0.369,2-3 Defaults,40,DENIED,2026-04-11T18:12:15.143214
0287,Fatima P.,Female,18,Urban,376424,0.0,0.459,2-3 Defaults,34,DENIED,2026-04-11T18:12:15.143214
0288,Anjali S.,Female,64,Urban,484421,3.8,0.25200000000000006,Clean,55,UNDER REVIEW,2026-04-11T18:12:15.143214
0289,Rekha G.,Female,59,Urban,610939,3.5,0.29700000000000004,Clean,65,UNDER REVIEW,2026-04-11T18:12:15.143214
0290,Amit S.,Male,44,Urban,495029,1.9,0.24,1 Default,37,DENIED,2026-04-11T18:12:15.143214
0291,Arun C.,Male,40,Rural,568815,3.1,0.43,2-3 Defaults,58,UNDER REVIEW,2026-04-11T18:12:15.143214
0292,Neha V.,Female,60,Urban,623998,4.5,0.25200000000000006,Clean,65,UNDER REVIEW,2026-04-11T18:12:15.143214
0293,Aarti S.,Female,68,Urban,898616,0.5,0.25200000000000006,Clean,52,UNDER REVIEW,2026-04-11T18:12:15.143214
0294,Anil K.,Male,38,Rural,427670,6.2,0.57,Clean,73,APPROVED,2026-04-11T18:12:15.143214
0295,Prakash Y.,Male,55,Urban,642134,4.1,0.4,Clean,70,APPROVED,2026-04-11T18:12:15.143214
0296,Fatima M.,Female,62,Rural,417876,1.2,0.423,Clean,57,DENIED,2026-04-11T18:12:15.143214
0297,Vijay V.,Male,52,Urban,376744,5.9,0.37,Clean,63,UNDER REVIEW,2026-04-11T18:12:15.143214
0298,Arun K.,Male,33,Urban,211260,5.3,0.43,Clean,61,UNDER REVIEW,2026-04-11T18:12:15.143214
0299,Sunita Y.,Female,25,Urban,608316,3.6,0.47700000000000004,Clean,73,APPROVED,2026-04-11T18:12:15.143214
0300,Rajesh G.,Male,26,Rural,439189,3.5,0.05,Clean,48,DENIED,2026-04-11T18:12:15.143214
0301,Aarti S.,Female,51,Rural,638431,4.7,0.27,Clean,67,UNDER REVIEW,2026-04-11T18:12:15.143214
0302,Fatima P.,Female,34,Urban,462896,4.1,0.036000000000000004,Clean,48,DENIED,2026-04-11T18:12:15.143214
0303,Rajesh M.,Male,18,Urban,507734,5.8,0.29,Clean,73,APPROVED,2026-04-11T18:12:15.143576
0304,Fatima C.,Female,38,Urban,576509,3.5,0.6120000000000001,Clean,83,APPROVED,2026-04-11T18:12:15.143576
0305,Geeta S.,Female,50,Urban,469515,2.9,0.342,Recent defaults,13,DENIED,2026-04-11T18:12:15.143576
0306,Aarti Y.,Female,67,Rural,595495,4.5,0.216,Clean,67,UNDER REVIEW,2026-04-11T18:12:15.143576
0307,Sunil S.,Male,41,Rural,258753,2.2,0.36,Clean,49,DENIED,2026-04-11T18:12:15.143576
0308,Rahul K.,Male,19,Rural,314023,3.7,0.49,Clean,62,UNDER REVIEW,2026-04-11T18:12:15.143576
0309,Priya P.,Female,24,Rural,531939,9.0,0.018000000000000002,Clean,69,UNDER REVIEW,2026-04-11T18:12:15.143576
0310,Fatima C.,Female,47,Rural,602495,4.3,0.30600000000000005,2-3 Defaults,52,UNDER REVIEW,2026-04-11T18:12:15.143576
0311,Rahul G.,Male,60,Rural,546825,3.2,0.34,Clean,65,UNDER REVIEW,2026-04-11T18:12:15.143576
0312,Pooja K.,Female,32,Rural,543901,4.7,0.36000000000000004,Clean,68,UNDER REVIEW,2026-04-11T18:12:15.143576
0313,Anjali C.,Female,44,Rural,514159,4.8,0.333,Clean,68,DENIED,2026-04-11T18:12:15.143576
0314,Sanjay M.,Male,38,Urban,282457,5.4,0.54,Clean,71,APPROVED,2026-04-11T18:12:15.143576
0315,Amit K.,Male,34,Rural,469790,2.4,0.63,Clean,66,UNDER REVIEW,2026-04-11T18:12:15.143576
0316,Anil P.,Male,25,Urban,383561,7.3,0.37,Clean,64,UNDER REVIEW,2026-04-11T18:12:15.143576
0317,Rekha S.,Female,61,Rural,245026,1.4,0.225,Clean,40,DENIED,2026-04-11T18:12:15.143576
0318,Sanjay K.,Male,25,Rural,359937,5.6,0.39,1 Default,56,UNDER REVIEW,2026-04-11T18:12:15.143576
0319,Arun C.,Male,61,Rural,282668,4.3,0.45,Clean,62,UNDER REVIEW,2026-04-11T18:12:15.143576
0320,Anil V.,Male,49,Rural,350728,1.3,0.45,2-3 Defaults,40,DENIED,2026-04-11T18:12:15.143576
0321,Manoj M.,Male,58,Urban,750348,3.4,0.5,Clean,70,APPROVED,2026-04-11T18:12:15.143576
0322,Anjali K.,Female,54,Rural,423160,1.5,0.315,1 Default,40,DENIED,2026-04-11T18:12:15.143576
0323,Priya P.,Female,67,Rural,302179,2.8,0.369,1 Default,40,DENIED,2026-04-11T18:12:15.143576
0324,Priya G.,Female,29,Rural,506514,4.7,0.47700000000000004,Clean,75,APPROVED,2026-04-11T18:12:15.143576
0325,Sunil C.,Male,69,Urban,671358,1.9,0.29,2-3 Defaults,41,DENIED,2026-04-11T18:12:15.143576
0326,Anil G.,Male,51,Urban,716437,1.7,0.37,Clean,56,UNDER REVIEW,2026-04-11T18:12:15.143576
0327,Amit G.,Male,21,Rural,648823,3.9,0.57,Clean,72,APPROVED,2026-04-11T18:12:15.143576
0328,Geeta K.,Female,39,Urban,328488,3.2,0.387,1 Default,46,DENIED,2026-04-11T18:12:15.143576
0329,Aarti S.,Female,63,Urban,801688,2.9,0.531,1 Default,55,UNDER REVIEW,2026-04-11T18:12:15.143576
0330,Geeta C.,Female,64,Rural,280958,3.1,0.25200000000000006,Clean,57,UNDER REVIEW,2026-04-11T18:12:15.143576
0331,Manoj S.,Male,56,Urban,348795,6.8,0.19,2-3 Defaults,40,DENIED,2026-04-11T18:12:15.143576
0332,Fatima G.,Female,33,Urban,315952,2.5,0.41400000000000003,Clean,56,UNDER REVIEW,2026-04-11T18:12:15.143576
0333,Priya V.,Female,34,Urban,577047,6.5,0.171,Clean,68,UNDER REVIEW,2026-04-11T18:12:15.143576
0334,Rekha C.,Female,28,Rural,633033,5.2,0.20700000000000002,Clean,78,APPROVED,2026-04-11T18:12:15.143576
0335,Amit G.,Male,46,Urban,845969,5.2,0.31,Clean,73,APPROVED,2026-04-11T18:12:15.143576
0336,Arun C.,Male,28,Rural,568047,3.2,0.16,Clean,58,UNDER REVIEW,2026-04-11T18:12:15.143576
0337,Neha P.,Female,45,Urban,612338,3.1,0.378,2-3 Defaults,51,UNDER REVIEW,2026-04-11T18:12:15.143576
0338,Pooja K.,Female,60,Rural,343450,3.2,0.41400000000000003,Recent defaults,29,DENIED,2026-04-11T18:12:15.143576
0339,Neha S.,Female,45,Urban,817656,5.5,0.20700000000000002,2-3 Defaults,61,UNDER REVIEW,2026-04-11T18:12:15.143576
0340,Rekha Y.,Female,48,Urban,338098,4.5,0.216,Clean,55,UNDER REVIEW,2026-04-11T18:12:15.143576
0341,Vijay C.,Male,29,Rural,310158,4.9,0.37,Clean,56,UNDER REVIEW,2026-04-11T18:12:15.143576
0342,Prakash V.,Male,66,Urban,555693,3.2,0.29,Clean,63,UNDER REVIEW,2026-04-11T18:12:15.143576
0343,Sunil K.,Male,42,Urban,586798,1.6,0.06,Clean,49,DENIED,2026-04-11T18:12:15.143576
0344,Sunita C.,Female,43,Urban,411115,6.1,0.189,Clean,58,UNDER REVIEW,2026-04-11T18:12:15.143576
0345,Rajesh V.,Male,66,Urban,150000,5.0,0.4,1 Default,50,UNDER REVIEW,2026-04-11T18:12:15.143576
0346,Amit S.,Male,30,Rural,526782,6.3,0.35,Clean,76,APPROVED,2026-04-11T18:12:15.143576
0347,Geeta S.,Female,53,Rural,343980,4.9,0.054,Clean,49,DENIED,2026-04-11T18:12:15.143576
0348,Fatima S.,Female,27,Urban,605688,1.1,0.24300000000000002,Clean,59,UNDER REVIEW,2026-04-11T18:12:15.143576
0349,Anil Y.,Male,52,Rural,679347,0.7,0.33,Clean,52,UNDER REVIEW,2026-04-11T18:12:15.143576
0350,Kavita P.,Female,57,Urban,790548,1.1,0.18000000000000002,Recent defaults,15,DENIED,2026-04-11T18:12:15.143576
0351,Amit P.,Male,35,Rural,452426,3.3,0.4,1 Default,53,UNDER REVIEW,2026-04-11T18:12:15.143576
0352,Amit P.,Male,65,Rural,293296,0.0,0.45,1 Default,39,DENIED,2026-04-11T18:12:15.143576
0353,Pooja S.,Female,70,Urban,307839,4.8,0.189,2-3 Defaults,32,DENIED,2026-04-11T18:12:15.143576
0354,Neha K.,Female,26,Rural,387575,4.0,0.15300000000000002,Clean,50,UNDER REVIEW,2026-04-11T18:12:15.143576
0355,Sanjay S.,Male,47,Urban,679616,4.1,0.4,Clean,70,APPROVED,2026-04-11T18:12:15.143576
0356,Manoj C.,Male,41,Urban,681996,1.3,0.36,Clean,57,UNDER REVIEW,2026-04-11T18:12:15.143576
0357,Neha P.,Female,28,Rural,469139,2.2,0.342,Recent defaults,16,DENIED,2026-04-11T18:12:15.143576
0358,Rajesh K.,Male,35,Urban,423940,2.1,0.2,Clean,47,DENIED,2026-04-11T18:12:15.143576
0359,Vijay V.,Male,56,Urban,544725,2.1,0.07,Clean,48,DENIED,2026-04-11T18:12:15.143576
0360,Fatima K.,Female,47,Rural,160450,3.5,0.468,Clean,54,UNDER REVIEW,2026-04-11T18:12:15.143576
0361,Anjali P.,Female,37,Rural,329586,1.4,0.261,Clean,51,UNDER REVIEW,2026-04-11T18:12:15.143576
0362,Rahul S.,Male,21,Urban,637833,4.7,0.1,Clean,55,UNDER REVIEW,2026-04-11T18:12:15.143576
0363,Sunil G.,Male,36,Rural,414521,5.6,0.32,Clean,66,UNDER REVIEW,2026-04-11T18:12:15.143576
0364,Prakash S.,Male,60,Rural,454439,2.4,0.45,1 Default,45,DENIED,2026-04-11T18:12:15.143576
0365,Kavita S.,Female,48,Urban,607371,4.6,0.396,1 Default,55,UNDER REVIEW,2026-04-11T18:12:15.143576
0366,Vijay C.,Male,32,Rural,155730,3.4,0.22,Clean,46,DENIED,2026-04-11T18:12:15.143576
0367,Geeta M.,Female,25,Rural,121125,4.2,0.036000000000000004,2-3 Defaults,25,DENIED,2026-04-11T18:12:15.143576
0368,Rekha S.,Female,21,Rural,209179,4.3,0.261,Clean,47,DENIED,2026-04-11T18:12:15.143576
0369,Rekha Y.,Female,67,Urban,657176,4.4,0.432,2-3 Defaults,57,UNDER REVIEW,2026-04-11T18:12:15.144665
0370,Amit S.,Male,54,Urban,485458,3.7,0.18,Clean,45,DENIED,2026-04-11T18:12:15.144665
0371,Sunita P.,Female,43,Rural,237755,4.5,0.48600000000000004,Clean,55,UNDER REVIEW,2026-04-11T18:12:15.144665
0372,Vijay S.,Male,58,Urban,507248,3.4,0.24,Clean,63,UNDER REVIEW,2026-04-11T18:12:15.144665
0373,Arun M.,Male,50,Rural,337767,2.9,0.41,1 Default,45,DENIED,2026-04-11T18:12:15.144665
0374,Geeta K.,Female,61,Rural,282207,5.3,0.315,Clean,67,UNDER REVIEW,2026-04-11T18:12:15.144665
0375,Rajesh V.,Male,64,Urban,637141,3.4,0.53,2-3 Defaults,55,UNDER REVIEW,2026-04-11T18:12:15.144665
0376,Priya K.,Female,56,Urban,532536,6.4,0.30600000000000005,Clean,75,APPROVED,2026-04-11T18:12:15.144665
0377,Vijay V.,Male,46,Rural,268751,5.2,0.26,Clean,65,UNDER REVIEW,2026-04-11T18:12:15.144665
0378,Arun S.,Male,57,Rural,440700,2.6,0.3,Clean,48,DENIED,2026-04-11T18:12:15.144665
0379,Neha G.,Female,68,Urban,604521,4.3,0.35100000000000003,Clean,65,UNDER REVIEW,2026-04-11T18:12:15.144665
0380,Priya K.,Female,28,Rural,523682,5.8,0.35100000000000003,1 Default,68,UNDER REVIEW,2026-04-11T18:12:15.144665
0381,Amit Y.,Male,54,Urban,444628,2.5,0.5,Clean,53,UNDER REVIEW,2026-04-11T18:12:15.144665
0382,Vijay G.,Male,36,Rural,534158,3.4,0.4,Clean,73,APPROVED,2026-04-11T18:12:15.144665
0383,Rekha C.,Female,65,Rural,639056,6.1,0.333,2-3 Defaults,62,UNDER REVIEW,2026-04-11T18:12:15.144665
0384,Rekha Y.,Female,41,Urban,482265,4.0,0.234,Clean,56,UNDER REVIEW,2026-04-11T18:12:15.144665
0385,Fatima V.,Female,69,Rural,121125,5.5,0.35100000000000003,Clean,57,UNDER REVIEW,2026-04-11T18:12:15.144665
0386,Pooja K.,Female,29,Rural,478356,0.8,0.162,Clean,37,DENIED,2026-04-11T18:12:15.144665
0387,Sunita C.,Female,44,Urban,432617,3.8,0.30600000000000005,Clean,56,UNDER REVIEW,2026-04-11T18:12:15.144665
0388,Sunil K.,Male,51,Rural,402827,0.4,0.32,2-3 Defaults,27,DENIED,2026-04-11T18:12:15.144665
0389,Rekha S.,Female,27,Rural,513321,1.3,0.36000000000000004,Clean,61,UNDER REVIEW,2026-04-11T18:12:15.144665
0390,Sanjay V.,Male,38,Rural,420636,3.8,0.75,2-3 Defaults,58,UNDER REVIEW,2026-04-11T18:12:15.144665
0391,Manoj K.,Male,47,Urban,254950,4.4,0.5,Clean,60,UNDER REVIEW,2026-04-11T18:12:15.144665
0392,Arun Y.,Male,44,Rural,529906,6.0,0.39,Clean,76,APPROVED,2026-04-11T18:12:15.144665
0393,Manoj G.,Male,39,Rural,387888,4.0,0.38,Clean,56,UNDER REVIEW,2026-04-11T18:12:15.144665
0394,Anjali M.,Female,24,Urban,716998,3.6,0.216,Clean,65,UNDER REVIEW,2026-04-11T18:12:15.144665
0395,Anjali C.,Female,20,Urban,685708,2.1,0.41400000000000003,Clean,65,UNDER REVIEW,2026-04-11T18:12:15.144665
0396,Sunil G.,Male,25,Urban,203538,5.3,0.29,Clean,54,UNDER REVIEW,2026-04-11T18:12:15.144665
0397,Prakash S.,Male,20,Rural,715228,1.8,0.13,Clean,50,UNDER REVIEW,2026-04-11T18:12:15.144665
0398,Aarti K.,Female,51,Urban,317860,3.3,0.14400000000000002,Clean,47,DENIED,2026-04-11T18:12:15.144665
0399,Sanjay V.,Male,64,Urban,537272,2.6,0.24,Clean,56,UNDER REVIEW,2026-04-11T18:12:15.144665
0400,Sanjay C.,Male,43,Rural,231013,8.7,0.26,Clean,56,UNDER REVIEW,2026-04-11T18:12:15.144665
0401,Pooja S.,Female,63,Rural,386782,1.0,0.333,Clean,50,UNDER REVIEW,2026-04-11T18:12:15.144665
0402,Geeta M.,Female,66,Urban,634339,2.1,0.441,Clean,65,UNDER REVIEW,2026-04-11T18:12:15.144665
0403,Anjali Y.,Female,69,Rural,480135,3.6,0.279,2-3 Defaults,42,DENIED,2026-04-11T18:12:15.144665
0404,Rahul K.,Male,62,Urban,544947,3.8,0.25,Clean,63,UNDER REVIEW,2026-04-11T18:12:15.144665
0405,Rajesh V.,Male,65,Urban,380444,1.9,0.08,Clean,38,DENIED,2026-04-11T18:12:15.144665
0406,Aarti K.,Female,68,Rural,383978,5.2,0.29700000000000004,Clean,67,UNDER REVIEW,2026-04-11T18:12:15.144665
0407,Amit S.,Male,66,Rural,188421,1.8,0.43,1 Default,35,DENIED,2026-04-11T18:12:15.144665
0408,Anil C.,Male,42,Urban,803326,5.1,0.38,1 Default,64,UNDER REVIEW,2026-04-11T18:12:15.144665
0409,Aarti Y.,Female,39,Urban,150000,4.5,0.6120000000000001,Clean,63,UNDER REVIEW,2026-04-11T18:12:15.144665
0410,Sunita S.,Female,22,Rural,495902,3.9,0.198,1 Default,39,DENIED,2026-04-11T18:12:15.144665
0411,Rekha M.,Female,23,Rural,207969,6.9,0.25200000000000006,1 Default,47,DENIED,2026-04-11T18:12:15.144665
0412,Arun P.,Male,60,Urban,346592,2.7,0.44,Clean,53,UNDER REVIEW,2026-04-11T18:12:15.144665
0413,Rahul M.,Male,42,Rural,778627,1.1,0.21,1 Default,49,DENIED,2026-04-11T18:12:15.144665
0414,Sunita M.,Female,20,Rural,536059,2.7,0.5040000000000001,Clean,67,DENIED,2026-04-11T18:12:15.144665
0415,Prakash V.,Male,31,Urban,334568,0.5,0.45,2-3 Defaults,33,DENIED,2026-04-11T18:12:15.144665
0416,Rajesh S.,Male,19,Urban,342325,1.8,0.38,2-3 Defaults,31,DENIED,2026-04-11T18:12:15.144665
0417,Kavita K.,Female,54,Urban,691343,0.0,0.189,Clean,44,DENIED,2026-04-11T18:12:15.144665
0418,Aarti K.,Female,52,Urban,620121,6.7,0.324,2-3 Defaults,60,UNDER REVIEW,2026-04-11T18:12:15.144665
0419,Sanjay K.,Male,50,Rural,659884,5.7,0.33,Clean,75,APPROVED,2026-04-11T18:12:15.144665
0420,Sunita Y.,Female,52,Urban,580688,4.1,0.531,Clean,72,APPROVED,2026-04-11T18:12:15.144665
0421,Prakash S.,Male,61,Rural,759308,0.1,0.5,Clean,59,UNDER REVIEW,2026-04-11T18:12:15.144665
0422,Amit Y.,Male,18,Urban,285812,1.7,0.28,Clean,46,DENIED,2026-04-11T18:12:15.144665
0423,Sunil S.,Male,31,Rural,216002,5.0,0.26,1 Default,46,DENIED,2026-04-11T18:12:15.144665
0424,Prakash S.,Male,66,Urban,490664,9.4,0.15,Clean,55,UNDER REVIEW,2026-04-11T18:12:15.144665
0425,Neha S.,Female,34,Urban,762328,5.4,0.198,2-3 Defaults,53,UNDER REVIEW,2026-04-11T18:12:15.144665
0426,Anjali C.,Female,30,Urban,514413,2.6,0.45,Clean,66,UNDER REVIEW,2026-04-11T18:12:15.144665
0427,Sanjay Y.,Male,69,Rural,352223,5.4,0.46,1 Default,62,UNDER REVIEW,2026-04-11T18:12:15.144665
0428,Kavita Y.,Female,61,Urban,504564,3.1,0.036000000000000004,Clean,57,UNDER REVIEW,2026-04-11T18:12:15.145652
0429,Neha Y.,Female,29,Urban,449528,2.8,0.27,Clean,49,DENIED,2026-04-11T18:12:15.145652
0430,Arun V.,Male,19,Urban,867396,5.2,0.18,Clean,65,UNDER REVIEW,2026-04-11T18:12:15.145652
0431,Sanjay P.,Male,53,Urban,471757,7.7,0.14,2-3 Defaults,40,DENIED,2026-04-11T18:12:15.145652
0432,Priya P.,Female,47,Urban,428117,2.6,0.315,Clean,48,DENIED,2026-04-11T18:12:15.145652
0433,Manoj G.,Male,46,Urban,639597,5.7,0.07,2-3 Defaults,50,UNDER REVIEW,2026-04-11T18:12:15.145652
0434,Rajesh P.,Male,66,Urban,336984,2.8,0.35,Clean,46,DENIED,2026-04-11T18:12:15.145652
0435,Anjali Y.,Female,48,Rural,693932,1.5,0.5040000000000001,2-3 Defaults,52,UNDER REVIEW,2026-04-11T18:12:15.145652
0436,Vijay V.,Male,59,Rural,485995,1.6,0.49,Clean,55,UNDER REVIEW,2026-04-11T18:12:15.145652
0437,Manoj S.,Male,40,Rural,489123,1.8,0.43,Recent defaults,21,DENIED,2026-04-11T18:12:15.145652
0438,Rahul C.,Male,50,Urban,150000,2.6,0.27,1 Default,26,DENIED,2026-04-11T18:12:15.145652
0439,Anil V.,Male,44,Urban,619702,0.5,0.18,1 Default,33,DENIED,2026-04-11T18:12:15.145652
0440,Prakash K.,Male,20,Urban,526457,5.4,0.49,2-3 Defaults,65,UNDER REVIEW,2026-04-11T18:12:15.145652
0441,Rajesh Y.,Male,28,Urban,493463,4.8,0.55,Clean,61,UNDER REVIEW,2026-04-11T18:12:15.145652
0442,Sunil V.,Male,46,Urban,429831,1.7,0.24,Clean,46,DENIED,2026-04-11T18:12:15.145652
0443,Arun S.,Male,57,Urban,415703,2.2,0.33,Clean,46,DENIED,2026-04-11T18:12:15.145652
0444,Sanjay S.,Male,42,Rural,271316,3.7,0.37,Clean,56,UNDER REVIEW,2026-04-11T18:12:15.145652
0445,Amit K.,Male,48,Urban,720579,1.9,0.48,Clean,63,UNDER REVIEW,2026-04-11T18:12:15.145652
0446,Rajesh M.,Male,67,Urban,328903,2.6,0.21,Clean,46,DENIED,2026-04-11T18:12:15.145652
0447,Aarti S.,Female,69,Urban,159938,3.9,0.171,Clean,37,DENIED,2026-04-11T18:12:15.145652
0448,Anjali C.,Female,34,Urban,791703,2.1,0.333,Clean,59,UNDER REVIEW,2026-04-11T18:12:15.145652
0449,Kavita V.,Female,30,Rural,670062,3.6,0.47700000000000004,Clean,75,APPROVED,2026-04-11T18:12:15.145652
0450,Sunita V.,Female,27,Urban,510867,1.1,0.396,1 Default,49,DENIED,2026-04-11T18:12:15.145652
0451,Anjali C.,Female,61,Rural,316601,4.3,0.15300000000000002,1 Default,39,DENIED,2026-04-11T18:12:15.145652
0452,Pooja S.,Female,65,Rural,337428,6.1,0.522,2-3 Defaults,59,UNDER REVIEW,2026-04-11T18:12:15.145652
0453,Rajesh S.,Male,68,Rural,311581,5.6,0.27,1 Default,55,UNDER REVIEW,2026-04-11T18:12:15.145652
0454,Rajesh V.,Male,56,Rural,173303,2.8,0.37,1 Default,28,DENIED,2026-04-11T18:12:15.145652
0455,Sunita Y.,Female,63,Rural,457859,3.3,0.324,Clean,57,UNDER REVIEW,2026-04-11T18:12:15.145652
0456,Anil K.,Male,68,Urban,377202,1.5,0.24,1 Default,36,DENIED,2026-04-11T18:12:15.145652
0457,Geeta V.,Female,59,Urban,617069,3.5,0.549,Clean,72,APPROVED,2026-04-11T18:12:15.145652
0458,Prakash C.,Male,65,Urban,493044,2.2,0.03,Clean,38,DENIED,2026-04-11T18:12:15.145652
0459,Fatima M.,Female,70,Rural,367189,6.2,0.423,Clean,74,APPROVED,2026-04-11T18:12:15.145652
0460,Arun Y.,Male,39,Rural,793194,6.9,0.26,Clean,76,APPROVED,2026-04-11T18:12:15.145652
0461,Rekha S.,Female,54,Rural,283801,3.7,0.189,Clean,49,DENIED,2026-04-11T18:12:15.145652
0462,Neha G.,Female,42,Urban,792324,0.0,0.0,Clean,45,DENIED,2026-04-11T18:12:15.145652
0463,Sunita S.,Female,51,Rural,159126,2.8,0.30600000000000005,Clean,40,DENIED,2026-04-11T18:12:15.145652
0464,Neha K.,Female,40,Rural,536200,4.0,0.48600000000000004,1 Default,65,UNDER REVIEW,2026-04-11T18:12:15.145652
0465,Rahul S.,Male,65,Urban,507837,5.1,0.39,Clean,73,APPROVED,2026-04-11T18:12:15.145652
0466,Prakash K.,Male,23,Urban,876391,2.2,0.15,Clean,48,DENIED,2026-04-11T18:12:15.145652
0467,Sunita Y.,Female,57,Rural,265837,7.4,0.441,1 Default,64,UNDER REVIEW,2026-04-11T18:12:15.145652
0468,Rekha M.,Female,66,Urban,322202,2.9,0.29700000000000004,Clean,48,DENIED,2026-04-11T18:12:15.145652
0469,Rajesh K.,Male,43,Rural,612987,0.8,0.28,Clean,53,UNDER REVIEW,2026-04-11T18:12:15.145652
0470,Vijay P.,Male,55,Rural,447878,5.0,0.43,Clean,72,APPROVED,2026-04-11T18:12:15.145652
0471,Rekha S.,Female,57,Rural,346898,4.6,0.189,Clean,49,DENIED,2026-04-11T18:12:15.146665
0472,Sanjay V.,Male,70,Urban,595868,4.8,0.42,1 Default,60,UNDER REVIEW,2026-04-11T18:12:15.146665
0473,Prakash M.,Male,69,Urban,610108,3.2,0.38,Clean,63,UNDER REVIEW,2026-04-11T18:12:15.146665
0474,Neha Y.,Female,37,Rural,309165,3.5,0.5850000000000001,Recent defaults,30,DENIED,2026-04-11T18:12:15.146665
0475,Kavita K.,Female,46,Urban,494731,1.9,0.20700000000000002,Clean,48,DENIED,2026-04-11T18:12:15.146665
0476,Aarti M.,Female,40,Urban,696467,7.0,0.054,1 Default,58,UNDER REVIEW,2026-04-11T18:12:15.146665
0477,Manoj S.,Male,40,Rural,332653,5.6,0.38,2-3 Defaults,51,UNDER REVIEW,2026-04-11T18:12:15.146665
0478,Anil G.,Male,44,Rural,242209,1.7,0.21,Clean,39,DENIED,2026-04-11T18:12:15.146665
0479,Rahul C.,Male,38,Rural,271808,0.9,0.23,Clean,43,DENIED,2026-04-11T18:12:15.146665
0480,Fatima P.,Female,28,Rural,304132,3.7,0.342,Clean,58,UNDER REVIEW,2026-04-11T18:12:15.146665
0481,Amit S.,Male,24,Rural,754641,6.2,0.3,Clean,75,APPROVED,2026-04-11T18:12:15.146665
0482,Neha Y.,Female,23,Urban,511156,1.2,0.081,Clean,50,UNDER REVIEW,2026-04-11T18:12:15.146665
0483,Rekha K.,Female,26,Urban,379391,3.3,0.441,Clean,63,UNDER REVIEW,2026-04-11T18:12:15.146665
0484,Aarti V.,Female,26,Rural,436994,6.5,0.279,1 Default,58,UNDER REVIEW,2026-04-11T18:12:15.146665
0485,Pooja G.,Female,48,Rural,121125,2.6,0.198,1 Default,22,DENIED,2026-04-11T18:12:15.146665
0486,Geeta Y.,Female,52,Rural,458808,8.0,0.333,Clean,67,DENIED,2026-04-11T18:12:15.146665
0487,Sanjay V.,Male,53,Urban,355565,5.0,0.21,1 Default,53,UNDER REVIEW,2026-04-11T18:12:15.146665
0488,Vijay Y.,Male,23,Rural,361735,2.2,0.4,Clean,55,UNDER REVIEW,2026-04-11T18:12:15.146665
0489,Neha G.,Female,30,Rural,465795,2.5,0.27,Clean,51,UNDER REVIEW,2026-04-11T18:12:15.146665
0490,Vijay Y.,Male,21,Urban,775919,3.9,0.34,Clean,63,UNDER REVIEW,2026-04-11T18:12:15.146665
0491,Manoj G.,Male,64,Rural,498818,3.5,0.45,Clean,62,UNDER REVIEW,2026-04-11T18:12:15.146665
0492,Anjali V.,Female,39,Urban,512931,6.4,0.423,2-3 Defaults,68,UNDER REVIEW,2026-04-11T18:12:15.146665
0493,Sunil V.,Male,29,Rural,540934,7.1,0.47,2-3 Defaults,68,UNDER REVIEW,2026-04-11T18:12:15.146665
0494,Fatima M.,Female,65,Urban,157602,4.8,0.315,Clean,45,DENIED,2026-04-11T18:12:15.146665
0495,Prakash S.,Male,42,Rural,363596,1.9,0.26,Recent defaults,14,DENIED,2026-04-11T18:12:15.146665
0496,Neha V.,Female,58,Rural,607678,2.9,0.441,2-3 Defaults,52,UNDER REVIEW,2026-04-11T18:12:15.146665
0497,Aarti K.,Female,28,Urban,572996,1.0,0.234,Clean,59,UNDER REVIEW,2026-04-11T18:12:15.146665
0498,Rajesh K.,Male,67,Rural,502254,4.5,0.4,2-3 Defaults,57,UNDER REVIEW,2026-04-11T18:12:15.146665
0499,Kavita K.,Female,62,Urban,407142,3.3,0.198,Clean,47,DENIED,2026-04-11T18:12:15.146665
0500,Rajesh K.,Male,62,Urban,513321,1.2,0.52,1 Default,53,UNDER REVIEW,2026-04-11T18:12:15.146665
